Workbook

Sheet Raw data
A1: Data | B1: influent flow Q m3/d | C1: % RAS | D1: return activated sludge rate Qr m3/d | E1: % WAS | F1: Waste activated sludge rate Qw m3/d | G1: mixed liquor suspended solids MLSS (mg/L) | H1: SV 30 (mL/L) | I1: sludge volume index SVI (ml/g) | J1: Dissolved Oxygen DO mg/l | K1: temperature T | L1: sludge blanket m | M1: total suspended solid TSS in mg/l | N1: total suspended solid TSS out mg/l | O1: Chemical Oxygen Demand COD in mg/l | P1: Chemical Oxygen Demand COD out mg/l | Q1: Biochemical Oxygen Demand BOD in mg/l | R1: Biochemical Oxygen Demand BOD out mg/l | S1: PH
A2: 45658 | B2: 11273 | C2: 60 | D2: =(C2*B2)/100 -> 6763.8 | E2: 3.5 | F2: =(E2*B2)/100 -> 394.555 | G2: 1815 | H2: 174 | I2: =(H2*1000)/G2 -> 95.867769 | J2: 2.8 | K2: 18.9 | L2: 0.67 | M2: 140 | N2: 11 | O2: 350 | P2: 34.3 | Q2: 250 | R2: 10 | S2: 7.2
A3: 45659 | B3: 11273 | C3: 60 | D3: =(C3*B3)/100 -> 6763.8 | E3: 3.5 | F3: =(E3*B3)/100 -> 394.555 | G3: 1830 | H3: 179 | I3: =(H3*1000)/G3 -> 97.814208 | J3: 2.5 | K3: 19.2 | L3: 0.29 | M3: 130 | N3: 10 | O3: 432 | P3: 27 | Q3: 248 | R3: 7.8 | S3: 7.15
A4: 45660 | B4: 11298 | C4: 60 | D4: =(C4*B4)/100 -> 6778.8 | E4: 3.5 | F4: =(E4*B4)/100 -> 395.43 | G4: 1829 | H4: 161 | I4: =(H4*1000)/G4 -> 88.026244 | J4: 2.94 | K4: 18.5 | L4: 0.44 | M4: 134 | N4: 7.3 | O4: 400 | P4: 28.5 | Q4: 253 | R4: 6 | S4: 7.24
A5: 45661 | B5: 11312 | C5: 60 | D5: =(C5*B5)/100 -> 6787.2 | E5: 3.4 | F5: =(E5*B5)/100 -> 384.608 | G5: 1819 | H5: 183 | I5: =(H5*1000)/G5 -> 100.60473 | J5: 3.1 | K5: 19 | L5: 0.41 | M5: 150 | N5: 13.5 | O5: 500 | P5: 42 | Q5: 251 | R5: 10 | S5: 7.21
A6: 45662 | B6: 11286 | C6: 60 | D6: =(C6*B6)/100 -> 6771.6 | E6: 3.4 | F6: =(E6*B6)/100 -> 383.724 | G6: 1814 | H6: 190 | I6: =(H6*1000)/G6 -> 104.7409 | J6: 1.2 | K6: 17 | L6: 0.73 | M6: 155 | N6: 14 | O6: 341 | P6: 32 | Q6: 246 | R6: 9.5 | S6: 7.2
A7: 45663 | B7: 11294 | C7: 60 | D7: =(C7*B7)/100 -> 6776.4 | E7: 3.6 | F7: =(E7*B7)/100 -> 406.584 | G7: 1833 | H7: 159 | I7: =(H7*1000)/G7 -> 86.743044 | J7: 3.2 | K7: 19.3 | L7: 0.7 | M7: 160 | N7: 7 | O7: 432 | P7: 21 | Q7: 150 | R7: 6 | S7: 7.25
A8: 45664 | B8: 11385 | C8: 60 | D8: =(C8*B8)/100 -> 6831 | E8: 3.3 | F8: =(E8*B8)/100 -> 375.705 | G8: 1827 | H8: 177 | I8: =(H8*1000)/G8 -> 96.880131 | J8: 2.9 | K8: 18.6 | L8: 0.83 | M8: 118 | N8: 10 | O8: 400 | P8: 31.6 | Q8: 249 | R8: 8.7 | S8: 7.19
A9: 45665 | B9: 11410 | C9: 60 | D9: =(C9*B9)/100 -> 6846 | E9: 3.5 | F9: =(E9*B9)/100 -> 399.35 | G9: 1837 | H9: 188 | I9: =(H9*1000)/G9 -> 102.34077 | J9: 6 | K9: 19 | L9: 0.32 | M9: 144 | N9: 13 | O9: 500 | P9: 36.1 | Q9: 252 | R9: 10 | S9: 7.22
A10: 45666 | B10: 11686 | C10: 60 | D10: =(C10*B10)/100 -> 7011.6 | E10: 3.6 | F10: =(E10*B10)/100 -> 420.696 | G10: 1833 | H10: 189 | I10: =(H10*1000)/G10 -> 103.10966 | J10: 3 | K10: 16 | L10: 0.54 | M10: 154 | N10: 13.5 | O10: 520 | P10: 38 | Q10: 300 | R10: 10.3 | S10: 7.2
A11: 45667 | B11: 11606 | C11: 60 | D11: =(C11*B11)/100 -> 6963.6 | E11: 3.6 | F11: =(E11*B11)/100 -> 417.816 | G11: 1837 | H11: 166 | I11: =(H11*1000)/G11 -> 90.364725 | J11: 2.7 | K11: 19 | L11: 0.29 | M11: 170 | N11: 9 | O11: 540 | P11: 26 | Q11: 250 | R11: 8 | S11: 7.23
A12: 45668 | B12: 11598 | C12: 60 | D12: =(C12*B12)/100 -> 6958.8 | E12: 3.4 | F12: =(E12*B12)/100 -> 394.332 | G12: 1842 | H12: 167 | I12: =(H12*1000)/G12 -> 90.662324 | J12: 3.15 | K12: 18 | L12: 0.41 | M12: 135 | N12: 7.6 | O12: 440 | P12: 30 | Q12: 168 | R12: 7 | S12: 7.2
A13: 45669 | B13: 11599 | C13: 60 | D13: =(C13*B13)/100 -> 6959.4 | E13: 3.3 | F13: =(E13*B13)/100 -> 382.767 | G13: 1812 | H13: 171 | I13: =(H13*1000)/G13 -> 94.370861 | J13: 2.6 | K13: 19 | L13: 0.59 | M13: 121 | N13: 8.9 | O13: 400 | P13: 32 | Q13: 245 | R13: 7.6 | S13: 7.16
... A366: 46022 | B366: 10640 | C366: 63 | D366: =(C366*B366)/100 -> 6703.2 | E366: 3.4 | F366: =(E366*B366)/100 -> 361.76 | G366: 2355 | H366: 251 | I366: =(H366*1000)/G366 -> 106.58174 | J366: 4 | K366: 18 | L366: 0.53 | M366: 140 | N366: 14 | O366: 403 | P366: 39 | Q366: 255 | R366: 12 | S366: 8.2
J388: التاريخ | K388: درجة الحرارة

Sheet plant information
A1: General Information
A2: Parameter | B2: Value | C2: Unit
A3: WWTP name | B3: Karbala WWTP | C3: _
A4: process | B4: Conventional Activated Sludge | C4: _
A5: Number of clarifiers | B5: 8 | C5: _
A6: Clarifier type | B6: circular | C6: _
A9: Design Parameters
A10: Parameter | B10: Value | C10: Unit
A11: Diameter | B11: 32 | C11: m
A12: Side Water Depth | B12: 4 | C12: m
A13: Center Depth | B13: 5.15 | C13: m
A14: Bottom Slope | B14: 1:12 | C14: -
A15: Feed Pipe Diameter | B15: 0.8 | C15: m
A18: Calculated Design Parameters
A19: Parameter | B19: Value | C19: unit
A20: Surface Area (one tank ) | B20: 804 | C20: m2
A21: Total Surface Area | B21: 6432 | C21: m2
A22: Operational volume (one tanke) | B22: 3216 | C22: m3
A23: Total Volume | B23: 25728 | C23: m3
A27: Surface Area calculated using A=π/4 *d2
A28: Operational Volume calculated using SWD = 4.0 m
A29: Center Depth is provided for reference only

Sheet Calculation
A1: Solid loding Rate SLR (Kg/m2*h) | B1: Surface Overflow Rate SOR (m3/m2*d) | C1: hydraulic retention time HRT (h) | D1: % TSS removal | E1: % COD removal | F1: % BOD removal
A2: =((('Raw data'!B2+'Raw data'!D2)/24)*('Raw data'!G2/1000))/'plant information'!$B$20 -> 1.6965585 | B2: ='Raw data'!B2/'plant information'!$B$20 -> 14.021144 | C2: =('plant information'!$B$22/('Raw data'!B2+'Raw data'!D2))*24 -> 4.2792513 | D2: =('Raw data'!M2-'Raw data'!N2)*100/'Raw data'!M2 -> 92.142857 | E2: =('Raw data'!O2-'Raw data'!P2)*100/'Raw data'!O2 -> 90.2 | F2: =('Raw data'!Q2-'Raw data'!R2)*100/'Raw data'!Q2 -> 96
A3: =((('Raw data'!B3+'Raw data'!D3)/24)*('Raw data'!G3/1000))/'plant information'!$B$20 -> 1.7105796 | B3: ='Raw data'!B3/'plant information'!$B$20 -> 14.021144 | C3: =('plant information'!$B$22/('Raw data'!B3+'Raw data'!D3))*24 -> 4.2792513 | D3: =('Raw data'!M3-'Raw data'!N3)*100/'Raw data'!M3 -> 92.307692 | E3: =('Raw data'!O3-'Raw data'!P3)*100/'Raw data'!O3 -> 93.75 | F3: =('Raw data'!Q3-'Raw data'!R3)*100/'Raw data'!Q3 -> 96.854839
A4: =((('Raw data'!B4+'Raw data'!D4)/24)*('Raw data'!G4/1000))/'plant information'!$B$20 -> 1.7134363 | B4: ='Raw data'!B4/'plant information'!$B$20 -> 14.052239 | C4: =('plant information'!$B$22/('Raw data'!B4+'Raw data'!D4))*24 -> 4.2697823 | D4: =('Raw data'!M4-'Raw data'!N4)*100/'Raw data'!M4 -> 94.552239 | E4: =('Raw data'!O4-'Raw data'!P4)*100/'Raw data'!O4 -> 92.875 | F4: =('Raw data'!Q4-'Raw data'!R4)*100/'Raw data'!Q4 -> 97.628458
A5: =((('Raw data'!B5+'Raw data'!D5)/24)*('Raw data'!G5/1000))/'plant information'!$B$20 -> 1.7061798 | B5: ='Raw data'!B5/'plant information'!$B$20 -> 14.069652 | C5: =('plant information'!$B$22/('Raw data'!B5+'Raw data'!D5))*24 -> 4.2644979 | D5: =('Raw data'!M5-'Raw data'!N5)*100/'Raw data'!M5 -> 91 | E5: =('Raw data'!O5-'Raw data'!P5)*100/'Raw data'!O5 -> 91.6 | F5: =('Raw data'!Q5-'Raw data'!R5)*100/'Raw data'!Q5 -> 96.015936
A6: =((('Raw data'!B6+'Raw data'!D6)/24)*('Raw data'!G6/1000))/'plant information'!$B$20 -> 1.6975791 | B6: ='Raw data'!B6/'plant information'!$B$20 -> 14.037313 | C6: =('plant information'!$B$22/('Raw data'!B6+'Raw data'!D6))*24 -> 4.2743222 | D6: =('Raw data'!M6-'Raw data'!N6)*100/'Raw data'!M6 -> 90.967742 | E6: =('Raw data'!O6-'Raw data'!P6)*100/'Raw data'!O6 -> 90.615836 | F6: =('Raw data'!Q6-'Raw data'!R6)*100/'Raw data'!Q6 -> 96.138211
A7: =((('Raw data'!B7+'Raw data'!D7)/24)*('Raw data'!G7/1000))/'plant information'!$B$20 -> 1.7165756 | B7: ='Raw data'!B7/'plant information'!$B$20 -> 14.047264 | C7: =('plant information'!$B$22/('Raw data'!B7+'Raw data'!D7))*24 -> 4.2712945 | D7: =('Raw data'!M7-'Raw data'!N7)*100/'Raw data'!M7 -> 95.625 | E7: =('Raw data'!O7-'Raw data'!P7)*100/'Raw data'!O7 -> 95.138889 | F7: =('Raw data'!Q7-'Raw data'!R7)*100/'Raw data'!Q7 -> 96
A8: =((('Raw data'!B8+'Raw data'!D8)/24)*('Raw data'!G8/1000))/'plant information'!$B$20 -> 1.7247425 | B8: ='Raw data'!B8/'plant information'!$B$20 -> 14.160448 | C8: =('plant information'!$B$22/('Raw data'!B8+'Raw data'!D8))*24 -> 4.2371542 | D8: =('Raw data'!M8-'Raw data'!N8)*100/'Raw data'!M8 -> 91.525424 | E8: =('Raw data'!O8-'Raw data'!P8)*100/'Raw data'!O8 -> 92.1 | F8: =('Raw data'!Q8-'Raw data'!R8)*100/'Raw data'!Q8 -> 96.506024
A9: =((('Raw data'!B9+'Raw data'!D9)/24)*('Raw data'!G9/1000))/'plant information'!$B$20 -> 1.7379909 | B9: ='Raw data'!B9/'plant information'!$B$20 -> 14.191542 | C9: =('plant information'!$B$22/('Raw data'!B9+'Raw data'!D9))*24 -> 4.2278703 | D9: =('Raw data'!M9-'Raw data'!N9)*100/'Raw data'!M9 -> 90.972222 | E9: =('Raw data'!O9-'Raw data'!P9)*100/'Raw data'!O9 -> 92.78 | F9: =('Raw data'!Q9-'Raw data'!R9)*100/'Raw data'!Q9 -> 96.031746
A10: =((('Raw data'!B10+'Raw data'!D10)/24)*('Raw data'!G10/1000))/'plant information'!$B$20 -> 1.7761557 | B10: ='Raw data'!B10/'plant information'!$B$20 -> 14.534826 | C10: =('plant information'!$B$22/('Raw data'!B10+'Raw data'!D10))*24 -> 4.1280164 | D10: =('Raw data'!M10-'Raw data'!N10)*100/'Raw data'!M10 -> 91.233766 | E10: =('Raw data'!O10-'Raw data'!P10)*100/'Raw data'!O10 -> 92.692308 | F10: =('Raw data'!Q10-'Raw data'!R10)*100/'Raw data'!Q10 -> 96.566667
A11: =((('Raw data'!B11+'Raw data'!D11)/24)*('Raw data'!G11/1000))/'plant information'!$B$20 -> 1.7678459 | B11: ='Raw data'!B11/'plant information'!$B$20 -> 14.435323 | C11: =('plant information'!$B$22/('Raw data'!B11+'Raw data'!D11))*24 -> 4.1564708 | D11: =('Raw data'!M11-'Raw data'!N11)*100/'Raw data'!M11 -> 94.705882 | E11: =('Raw data'!O11-'Raw data'!P11)*100/'Raw data'!O11 -> 95.185185 | F11: =('Raw data'!Q11-'Raw data'!R11)*100/'Raw data'!Q11 -> 96.8
A12: =((('Raw data'!B12+'Raw data'!D12)/24)*('Raw data'!G12/1000))/'plant information'!$B$20 -> 1.7714358 | B12: ='Raw data'!B12/'plant information'!$B$20 -> 14.425373 | C12: =('plant information'!$B$22/('Raw data'!B12+'Raw data'!D12))*24 -> 4.1593378 | D12: =('Raw data'!M12-'Raw data'!N12)*100/'Raw data'!M12 -> 94.37037 | E12: =('Raw data'!O12-'Raw data'!P12)*100/'Raw data'!O12 -> 93.181818 | F12: =('Raw data'!Q12-'Raw data'!R12)*100/'Raw data'!Q12 -> 95.833333
A13: =((('Raw data'!B13+'Raw data'!D13)/24)*('Raw data'!G13/1000))/'plant information'!$B$20 -> 1.7427353 | B13: ='Raw data'!B13/'plant information'!$B$20 -> 14.426617 | C13: =('plant information'!$B$22/('Raw data'!B13+'Raw data'!D13))*24 -> 4.1589792 | D13: =('Raw data'!M13-'Raw data'!N13)*100/'Raw data'!M13 -> 92.644628 | E13: =('Raw data'!O13-'Raw data'!P13)*100/'Raw data'!O13 -> 92 | F13: =('Raw data'!Q13-'Raw data'!R13)*100/'Raw data'!Q13 -> 96.897959
... A366: =((('Raw data'!B366+'Raw data'!D366)/24)*('Raw data'!G366/1000))/'plant information'!$B$20 -> 2.1166685 | B366: ='Raw data'!B366/'plant information'!$B$20 -> 13.233831 | C366: =('plant information'!$B$22/('Raw data'!B366+'Raw data'!D366))*24 -> 4.4503898 | D366: =('Raw data'!M366-'Raw data'!N366)*100/'Raw data'!M366 -> 90 | E366: =('Raw data'!O366-'Raw data'!P366)*100/'Raw data'!O366 -> 90.322581 | F366: =('Raw data'!Q366-'Raw data'!R366)*100/'Raw data'!Q366 -> 95.294118

Sheet statistical analysis
A1: Descriptive Statistics
A2: parameter | B2: Mean | C2: Median | D2: Min | E2: Max | F2: Std | G2: CV
A3: Flow | B3: =AVERAGE('Raw data'!B2:B366) -> 12148.156 | C3: =MEDIAN('Raw data'!B2:B366) -> 11641 | D3: =MIN('Raw data'!B2:B366) -> 2562 | E3: =MAX('Raw data'!B2:B366) -> 16675 | F3: =_xlfn.STDEV.S('Raw data'!B2:B366) -> 1854.6797 | G3: =_xlfn.STDEV.S('Raw data'!B2:B366)/AVERAGE('Raw data'!B2:B366)*100 -> 15.26717
A4: MLSS | B4: =AVERAGE('Raw data'!G2:G366) -> 2127.2219 | C4: =MEDIAN('Raw data'!G2:G366) -> 2134 | D4: =MIN('Raw data'!G2:G366) -> 1700 | E4: =MAX('Raw data'!G2:G366) -> 2485 | F4: =_xlfn.STDEV.S('Raw data'!G2:G366) -> 214.28571 | G4: =_xlfn.STDEV.S('Raw data'!G2:G366)/AVERAGE('Raw data'!G2:G366)*100 -> 10.0735
A5: SVI | B5: =AVERAGE('Raw data'!I2:I366) -> 101.17794 | C5: =MEDIAN('Raw data'!I2:I366) -> 100.95911 | D5: =MIN('Raw data'!I2:I366) -> 86.00823 | E5: =MAX('Raw data'!I2:I366) -> 114.68472 | F5: =_xlfn.STDEV.S('Raw data'!I2:I366) -> 6.1528657 | G5: =_xlfn.STDEV.S('Raw data'!I2:I366)/AVERAGE('Raw data'!I2:I366)*100 -> 6.0812326
A6: DO | B6: =AVERAGE('Raw data'!J2:J366) -> 3.5161918 | C6: =MEDIAN('Raw data'!J2:J366) -> 3.3 | D6: =MIN('Raw data'!J2:J366) -> 1 | E6: =MAX('Raw data'!J2:J366) -> 7 | F6: =_xlfn.STDEV.S('Raw data'!J2:J366) -> 0.88027157 | G6: =_xlfn.STDEV.S('Raw data'!J2:J366)/AVERAGE('Raw data'!J2:J366)*100 -> 25.0348
A7: Sludge blaket | B7: =AVERAGE('Raw data'!L2:L366) -> 0.59284932 | C7: =MEDIAN('Raw data'!L2:L366) -> 0.6 | D7: =MIN('Raw data'!L2:L366) -> 0.27 | E7: =MAX('Raw data'!L2:L366) -> 1 | F7: =_xlfn.STDEV.S('Raw data'!L2:L366) -> 0.18842345 | G7: =_xlfn.STDEV.S('Raw data'!L2:L366)/AVERAGE('Raw data'!L2:L366)*100 -> 31.782689
A8: TSS Out | B8: =AVERAGE('Raw data'!N2:N366) -> 11.972055 | C8: =MEDIAN('Raw data'!N2:N366) -> 12 | D8: =MIN('Raw data'!N2:N366) -> 6 | E8: =MAX('Raw data'!N2:N366) -> 16.5 | F8: =_xlfn.STDEV.S('Raw data'!N2:N366) -> 2.3892358 | G8: =_xlfn.STDEV.S('Raw data'!N2:N366)/AVERAGE('Raw data'!N2:N366)*100 -> 19.956773
A9: COD Out | B9: =AVERAGE('Raw data'!P2:P366) -> 34.770411 | C9: =MEDIAN('Raw data'!P2:P366) -> 35 | D9: =MIN('Raw data'!P2:P366) -> 20 | E9: =MAX('Raw data'!P2:P366) -> 50 | F9: =_xlfn.STDEV.S('Raw data'!P2:P366) -> 5.6500949 | G9: =_xlfn.STDEV.S('Raw data'!P2:P366)/AVERAGE('Raw data'!P2:P366)*100 -> 16.249721
A10: BOD Out | B10: =AVERAGE('Raw data'!R2:R366) -> 8.8876712 | C10: =MEDIAN('Raw data'!R2:R366) -> 9 | D10: =MIN('Raw data'!R2:R366) -> 5.5 | E10: =MAX('Raw data'!R2:R366) -> 14 | F10: =_xlfn.STDEV.S('Raw data'!R2:R366) -> 1.4913621 | G10: =_xlfn.STDEV.S('Raw data'!R2:R366)/AVERAGE('Raw data'!R2:R366)*100 -> 16.780122
A13: Correlattion Matrix
B14: Flow | C14: MLSS | D14: SVI | E14: DO | F14: Sludge blanket | G14: TSS Out | H14: COD Out | I14: BOD Out
A15: Flow | B15: 1 | C15: =CORREL('Raw data'!B2:B366,'Raw data'!G2:G366) -> -0.47845963 | D15: =CORREL('Raw data'!B2:B366,'Raw data'!I2:I366) -> -0.21828616 | E15: =CORREL('Raw data'!B2:B366,'Raw data'!J2:J366) -> -0.15450501 | F15: =CORREL('Raw data'!B2:B366,'Raw data'!L2:L366) -> -0.062142627 | G15: =CORREL('Raw data'!B2:B366,'Raw data'!N2:N366) -> -0.19187248 | H15: =CORREL('Raw data'!B2:B366,'Raw data'!P2:P366) -> -0.16659435 | I15: =CORREL('Raw data'!B2:B366,'Raw data'!R2:R366) -> -0.17721237
A16: MLSS | C16: 1 | D16: =CORREL('Raw data'!G2:G366,'Raw data'!I2:I366) -> 0.22463387 | E16: =CORREL('Raw data'!G2:G366,'Raw data'!J2:J366) -> 0.077416502 | F16: =CORREL('Raw data'!G2:G366,'Raw data'!L2:L366) -> 0.12052567 | G16: =CORREL('Raw data'!G2:G366,'Raw data'!N2:N366) -> 0.17709001 | H16: =CORREL('Raw data'!G2:G366,'Raw data'!P2:P366) -> 0.13711228 | I16: =CORREL('Raw data'!G2:G366,'Raw data'!R2:R366) -> 0.17566801
A17: SVI | D17: 1 | E17: =CORREL('Raw data'!I2:I366,'Raw data'!J2:J366) -> 0.0039828173 | F17: =CORREL('Raw data'!I2:I366,'Raw data'!L2:L366) -> 0.082612128 | G17: =CORREL('Raw data'!I2:I366,'Raw data'!N2:N366) -> 0.63970961 | H17: =CORREL('Raw data'!I2:I366,'Raw data'!P2:P366) -> 0.55177409 | I17: =CORREL('Raw data'!I2:I366,'Raw data'!R2:R366) -> 0.5346075
A18: DO | E18: 1 | F18: =CORREL('Raw data'!J2:J366,'Raw data'!L2:L366) -> 0.023351949 | G18: =CORREL('Raw data'!J2:J366,'Raw data'!N2:N366) -> 0.094697368 | H18: =CORREL('Raw data'!J2:J366,'Raw data'!P2:P366) -> 0.095230979 | I18: =CORREL('Raw data'!J2:J366,'Raw data'!R2:R366) -> 0.067320613
A19: Sludge blaket | F19: 1 | G19: =CORREL('Raw data'!L2:L366,'Raw data'!N2:N366) -> 0.069672123 | H19: =CORREL('Raw data'!L2:L366,'Raw data'!P2:P366) -> 0.028109062 | I19: =CORREL('Raw data'!L2:L366,'Raw data'!R2:R366) -> 0.063271354
A20: TSS Out | G20: 1 | H20: =CORREL('Raw data'!N2:N366,'Raw data'!P2:P366) -> 0.79995528 | I20: =CORREL('Raw data'!N2:N366,'Raw data'!R2:R366) -> 0.80956497
A21: COD Out | H21: 1 | I21: =CORREL('Raw data'!P2:P366,'Raw data'!R2:R366) -> 0.66701412
A22: BOD Out | I22: 1

Sheet Scientific References
A1: Scientific References Database
A3: No. | B3: Category | C3: Parameter | D3: Symbol | E3: Unit | F3: Normal Range | G3: Warning Range | H3: Critical Range | I3: Reference | J3: Lower Limit | K3: Upper Limit | L3: Warning Lower | M3: Warning Upper | N3: Critical Lower | O3: Critical Upper | P3: Direction | Q3: Importance | R3: Functional Area | S3: Remarks | T3: Data Source
A4: 1 | B4: Effluent Quality | C4: Effluent Total Suspended Solids | D4: TSSe | E4: mg/L | F4: ≤20 mg/L | G4: 21–30 mg/L | H4: >30 mg/L | I4: Metcalf & Eddy | J4: 0 | K4: 20 | L4: 21 | M4: 30 | N4: 31 | O4: 999 | P4: Lower is Better | Q4: Very High | R4: Water Quality | S4: Indicates final effluent suspended solids quality | T4: Laboratory
A5: 2 | B5: Settling Performance | C5: Sludge Volume Index | D5: SVI | E5: mL/g | F5: 80–150 mL/g | G5: 150–200 mL/g | H5: >200 mL/g | I5: Metcalf & Eddy | J5: 80 | K5: 150 | L5: 150 | M5: 200 | N5: 200 | O5: 999 | P5: Target Range | Q5: Very High | R5: Settling | S5: Indicates sludge settling characteristics and bulking potential | T5: Laboratory
A6: 3 | B6: Sludge Management | C6: Sludge Blanket Depth | D6: SBD | E6: m | F6: ≤1.0 m | G6: 1.0–1.5 m | H6: >1.5 m | I6: WEF Manual of Practice No. 11 | J6: 0 | K6: 1 | L6: 1 | M6: 1.5 | N6: 1.5 | O6: 999 | P6: Lower is Better | Q6: High | R6: Settling | S6: Indicates sludge accumulation and clarifier storage capacity | T6: Field Measurement
A7: 4 | B7: Hydraulic Loading | C7: Surface Overflow Rate | D7: SOR | E7: m³/m²·d | F7: 16–28 m³/m²·day | G7: 28–35 m³/m²·day | H7: >35 m³/m²·day | I7: WEF Manual of Practice No. 8 / Metcalf & Eddy | J7: 16 | K7: 28 | L7: 28 | M7: 35 | N7: 35 | O7: 999 | P7: Target Range | Q7: High | R7: Hydraulic | S7: Indicates the hydraulic loading applied to the clarifier surface | T7: Calculated
A8: 5 | B8: Solids Loading | C8: Solids Loading Rate | D8: SLR | E8: kg/m²·h | F8: 4–6 kg/m²·h | G8: 6–8 kg/m²·h | H8: >8 kg/m²·h | I8: Metcalf & Eddy / WEF Manual of Practice | J8: 4 | K8: 6 | L8: 6 | M8: 8 | N8: 8 | O8: 999 | P8: Target Range | Q8: High | R8: Sludge Management | S8: Indicates the solids loading applied to the clarifier and its capacity to retain sludge without washout | T8: Calculated
A9: 6 | B9: Sludge Recirculation | C9: Return Activated Sludge Ratio | D9: RAS | E9: % | F9: 25–75 % | G9: 75–100 % | H9: >100 % | I9: Metcalf & Eddy | J9: 25 | K9: 75 | L9: 75 | M9: 100 | N9: 100 | O9: 999 | P9: Target Range | Q9: Medium | R9: Sludge Management | S9: Indicates the percentage of return activated sludge required to maintain stable biomass concentration | T9: SCADA / Flow Meter
A10: 7 | B10: Hydraulic Performance | C10: Hydraulic Retention Time | D10: HRT | E10: h | F10: 2.0–4.0 h | G10: 1.5–2.0 h OR 4.0–5.0 h | H10: <1.5 h OR >5.0 h | I10: Metcalf & Eddy | J10: 2 | K10: 4 | L10: 1.5 | M10: 2 | N10: 5 | O10: 999 | P10: Target Range | Q10: Medium | R10: Hydraulic | S10: Represents the average detention time of wastewater in the secondary clarifier. | T10: Calculated
S29: Laboratory
S30: Laboratory
S31: Field Measurement
S32: Calculated
S33: Calculated
S34: SCADA / Flow Meter
S35: Calculated

Sheet Diagnosis
A1: Secondary Clarifier Diagnosis System
A2: Selected Day | B2: 160
A3: Parameter | B3: Actual Value | C3: Unit | D3: Normal Range | E3: Status | F3: Severity | G3: Possible Cause | H3: Recommended Action | I3: Functional Area | J3: Priority | K3: Last Updated | L3: Lower Limit | M3: Upper Limit | N3: Warning Lower | O3: Warning Upper | P3: Critical Lower | Q3: Critical Upper | R3: Direction | U3: Parameter | V3: Normal | W3: Warning | X3: Critical
A4: Effluent Total Suspended Solids | B4: =INDEX('Raw data'!N$2:N$366,$B$2) -> 14.9 | C4: =INDEX(tblReferences[Unit],MATCH(A4,tblReferences[Parameter],0)) -> mg/L | D4: =INDEX(tblReferences[Normal Range],MATCH(A4,tblReferences[Parameter],0)) -> ≤20 mg/L | E4: =IF(B4<=M4,"Normal",IF(B4<=O4,"Warning","Critical")) -> Normal | F4: =IF(E4="Critical","High",IF(E4="Warning","Medium","Low")) -> Low | G4: =IF(E4="Normal","Effluent TSS is within the target range; no significant solids carryover is indicated",IF(E4="Warning","Elevated effluent TSS; possible increase in solids carryover or deterioration in clarification performance","High effluent TSS; likely excessive solids carryover or significant deterioration in secondary clarification")) -> Effluent TSS is within the target range; no significant solids carryover is indicated | H4: =IF(E4="Normal","Continue routine effluent quality monitoring",IF(E4="Warning","Increase monitoring of effluent TSS and inspect clarifier settling performance","Inspect secondary clarifier operation, sludge blanket and solids carryover; verify effluent quality")) -> Continue routine effluent quality monitoring | I4: =IF(A4="Effluent Total Suspended Solids","Water Quality",IF(A4="Sludge Volume Index","Settling",IF(A4="Sludge Blanket Depth","Sludge Management",IF(A4="Surface Overflow Rate","Hydraulic",IF(A4="Solids Loading Rate","Solids Loading",IF(A4="Return Activated Sludge Ratio","Sludge Management",IF(A4="Hydraulic Retention Time","Hydraulic","Other"))))))) -> Water Quality | J4: =IF(E4="Critical","High",IF(E4="Warning","Medium","Low")) -> Low | K4: =TODAY() -> 46280 | L4: =INDEX(tblReferences[Lower Limit],MATCH(A4,tblReferences[Parameter],0)) -> 0 | M4: =INDEX(tblReferences[Upper Limit],MATCH(A4,tblReferences[Parameter],0)) -> 20 | N4: ='Scientific References'!L4 -> 21 | O4: ='Scientific References'!M4 -> 30 | P4: ='Scientific References'!N4 -> 31 | Q4: ='Scientific References'!O4 -> 999 | R4: =INDEX(tblReferences[Direction],MATCH(A4,tblReferences[Parameter],0)) -> Lower is Better | U4: TSSe | V4: Lower is Better | W4: Lower is Better | X4: Lower is Better
A5: Sludge Volume Index | B5: =INDEX('Raw data'!I$2:I$366,$B$2) -> 98.039216 | C5: =INDEX(tblReferences[Unit],MATCH(A5,tblReferences[Parameter],0)) -> mL/g | D5: =INDEX(tblReferences[Normal Range],MATCH(A5,tblReferences[Parameter],0)) -> 80–150 mL/g | E5: =IF(AND(B5>=L5,B5<=M5),"Normal",IF(OR(AND(B5>=N5,B5<=O5),AND(B5>=P5,B5<=Q5)),"Warning","Critical")) -> Normal | F5: =IF(E5="Critical","High",IF(E5="Warning","Medium","Low")) -> Low | G5: =IF(E5="Normal","Sludge settling characteristics are within the reference range",IF(E5="Warning","Deteriorating sludge settleability; possible tendency toward poor settling or bulking","Poor sludge settleability; possible sludge bulking or abnormal sludge characteristics")) -> Sludge settling characteristics are within the reference range | H5: =IF(E5="Normal","Continue routine sludge settling monitoring",IF(E5="Warning","Investigate sludge settleability and monitor SVI trend; inspect for signs of bulking","Investigate sludge settling failure, review microscopic sludge characteristics and assess possible bulking conditions")) -> Continue routine sludge settling monitoring | I5: =IF(A5="Effluent Total Suspended Solids","Water Quality",IF(A5="Sludge Volume Index","Settling",IF(A5="Sludge Blanket Depth","Sludge Management",IF(A5="Surface Overflow Rate","Hydraulic",IF(A5="Solids Loading Rate","Solids Loading",IF(A5="Return Activated Sludge Ratio","Sludge Management",IF(A5="Hydraulic Retention Time","Hydraulic","Other"))))))) -> Settling | J5: =IF(E5="Critical","High",IF(E5="Warning","Medium","Low")) -> Low | K5: =TODAY() -> 46280 | L5: =INDEX(tblReferences[Lower Limit],MATCH(A5,tblReferences[Parameter],0)) -> 80 | M5: =INDEX(tblReferences[Upper Limit],MATCH(A5,tblReferences[Parameter],0)) -> 150 | N5: ='Scientific References'!L5 -> 150 | O5: ='Scientific References'!M5 -> 200 | P5: ='Scientific References'!N5 -> 200 | Q5: ='Scientific References'!O5 -> 999 | R5: =INDEX(tblReferences[Direction],MATCH(A5,tblReferences[Parameter],0)) -> Target Range | U5: SVI | V5: Target Range | W5: Target Range | X5: Target Range
A6: Sludge Blanket Depth | B6: =INDEX('Raw data'!L$2:L$366,$B$2) -> 0.41 | C6: =INDEX(tblReferences[Unit],MATCH(A6,tblReferences[Parameter],0)) -> m | D6: =INDEX(tblReferences[Normal Range],MATCH(A6,tblReferences[Parameter],0)) -> ≤1.0 m | E6: =IF(B6<=M6,"Normal",IF(B6<=O6,"Warning","Critical")) -> Normal | F6: =IF(E6="Critical","High",IF(E6="Warning","Medium","Low")) -> Low | G6: =IF(E6="Normal","Sludge blanket accumulation is within the acceptable operating range",IF(E6="Warning","Increasing sludge blanket; possible insufficient sludge withdrawal or increased solids accumulation","Excessive sludge blanket accumulation; increased risk of solids carryover and clarifier performance deterioration")) -> Sludge blanket accumulation is within the acceptable operating range | H6: =IF(E6="Normal","Continue routine sludge blanket monitoring",IF(E6="Warning","Increase sludge blanket monitoring and verify sludge withdrawal performance","Inspect sludge withdrawal system and remove excessive accumulated sludge; increase monitoring frequency")) -> Continue routine sludge blanket monitoring | I6: =IF(A6="Effluent Total Suspended Solids","Water Quality",IF(A6="Sludge Volume Index","Settling",IF(A6="Sludge Blanket Depth","Sludge Management",IF(A6="Surface Overflow Rate","Hydraulic",IF(A6="Solids Loading Rate","Solids Loading",IF(A6="Return Activated Sludge Ratio","Sludge Management",IF(A6="Hydraulic Retention Time","Hydraulic","Other"))))))) -> Sludge Management | J6: =IF(E6="Critical","High",IF(E6="Warning","Medium","Low")) -> Low | K6: =TODAY() -> 46280 | L6: =INDEX(tblReferences[Lower Limit],MATCH(A6,tblReferences[Parameter],0)) -> 0 | M6: =INDEX(tblReferences[Upper Limit],MATCH(A6,tblReferences[Parameter],0)) -> 1 | N6: ='Scientific References'!L6 -> 1 | O6: ='Scientific References'!M6 -> 1.5 | P6: ='Scientific References'!N6 -> 1.5 | Q6: ='Scientific References'!O6 -> 999 | R6: =INDEX(tblReferences[Direction],MATCH(A6,tblReferences[Parameter],0)) -> Lower is Better | U6: SBD | V6: Lower is Better | W6: Lower is Better | X6: Lower is Better
A7: Surface Overflow Rate | B7: =INDEX(Calculation!B$2:B$366,$B$2) -> 14.032338 | C7: =INDEX(tblReferences[Unit],MATCH(A7,tblReferences[Parameter],0)) -> m³/m²·d | D7: =INDEX(tblReferences[Normal Range],MATCH(A7,tblReferences[Parameter],0)) -> 16–28 m³/m²·day | E7: =IF(B7<L7,"Underloaded",IF(B7<M7,"Normal",IF(B7<P7,"Warning","Critical"))) -> Underloaded | F7: =IF(E7="Critical","High",IF(E7="Warning","Medium","Low")) -> Low | G7: =IF(E7="Normal","Surface overflow rate is within the reference operating range",IF(E7="Underloaded","Hydraulic loading is below the reference range; possible low influent flow or excess clarifier capacity in service",IF(E7="Warning","Elevated hydraulic loading; increasing risk of reduced clarification performance","High hydraulic loading; possible hydraulic overloading and increased solids carryover risk"))) -> Hydraulic loading is below the reference range; possible low influent flow or excess clarifier capacity in service | H7: =IF(E7="Normal","Continue routine hydraulic loading monitoring",IF(E7="Underloaded","Verify influent flow and confirm the number of clarifiers in service; check whether available clarifier capacity exceeds current hydraulic demand",IF(E7="Warning","Monitor hydraulic loading and clarifier performance; verify flow distribution","Verify influent flow, hydraulic distribution and clarifier loading immediately; assess hydraulic overloading risk"))) -> Verify influent flow and confirm the number of clarifiers in service; check whether available clarifier capacity exceeds current hydraulic demand | I7: =IF(A7="Effluent Total Suspended Solids","Water Quality",IF(A7="Sludge Volume Index","Settling",IF(A7="Sludge Blanket Depth","Sludge Management",IF(A7="Surface Overflow Rate","Hydraulic",IF(A7="Solids Loading Rate","Solids Loading",IF(A7="Return Activated Sludge Ratio","Sludge Management",IF(A7="Hydraulic Retention Time","Hydraulic","Other"))))))) -> Hydraulic | J7: =IF(E7="Critical","High",IF(E7="Warning","Medium","Low")) -> Low | K7: =TODAY() -> 46280 | L7: =INDEX(tblReferences[Lower Limit],MATCH(A7,tblReferences[Parameter],0)) -> 16 | M7: =INDEX(tblReferences[Upper Limit],MATCH(A7,tblReferences[Parameter],0)) -> 28 | N7: ='Scientific References'!L7 -> 28 | O7: ='Scientific References'!M7 -> 35 | P7: ='Scientific References'!N7 -> 35 | Q7: ='Scientific References'!O7 -> 999 | R7: =INDEX(tblReferences[Direction],MATCH(A7,tblReferences[Parameter],0)) -> Target Range | U7: SOR | V7: Target Range | W7: Target Range | X7: Target Range
A8: Solids Loading Rate | B8: =INDEX(Calculation!A$2:A$366,$B$2) -> 2.0038179 | C8: =INDEX(tblReferences[Unit],MATCH(A8,tblReferences[Parameter],0)) -> kg/m²·h | D8: =INDEX(tblReferences[Normal Range],MATCH(A8,tblReferences[Parameter],0)) -> 4–6 kg/m²·h | E8: =IF(B8<L8,"Underloaded",IF(B8<M8,"Normal",IF(B8<P8,"Warning","Critical"))) -> Underloaded | F8: =IF(E8="Critical","High",IF(E8="Warning","Medium","Low")) -> Low | G8: =IF(E8="Normal","Solids loading is within the reference operating range",IF(E8="Underloaded","Solids loading is below the reference range; possible low influent solids load or excess clarifier capacity in service",IF(E8="Warning","Elevated solids loading; increased solids stress on the clarifier","High solids loading; possible solids overloading and increased risk of solids carryover"))) -> Solids loading is below the reference range; possible low influent solids load or excess clarifier capacity in service | H8: =IF(E8="Normal","Continue routine solids loading monitoring",IF(E8="Underloaded","Verify influent TSS, influent flow, RAS solids concentration and number of clarifiers in service",IF(E8="Warning","Monitor solids loading and sludge inventory; verify influent solids concentration and RAS conditions","Investigate excessive solids loading, sludge inventory and risk of solids carryover; verify influent and RAS solids conditions"))) -> Verify influent TSS, influent flow, RAS solids concentration and number of clarifiers in service | I8: =IF(A8="Effluent Total Suspended Solids","Water Quality",IF(A8="Sludge Volume Index","Settling",IF(A8="Sludge Blanket Depth","Sludge Management",IF(A8="Surface Overflow Rate","Hydraulic",IF(A8="Solids Loading Rate","Solids Loading",IF(A8="Return Activated Sludge Ratio","Sludge Management",IF(A8="Hydraulic Retention Time","Hydraulic","Other"))))))) -> Solids Loading | J8: =IF(E8="Critical","High",IF(E8="Warning","Medium","Low")) -> Low | K8: =TODAY() -> 46280 | L8: =INDEX(tblReferences[Lower Limit],MATCH(A8,tblReferences[Parameter],0)) -> 4 | M8: =INDEX(tblReferences[Upper Limit],MATCH(A8,tblReferences[Parameter],0)) -> 6 | N8: ='Scientific References'!L8 -> 6 | O8: ='Scientific References'!M8 -> 8 | P8: ='Scientific References'!N8 -> 8 | Q8: ='Scientific References'!O8 -> 999 | R8: =INDEX(tblReferences[Direction],MATCH(A8,tblReferences[Parameter],0)) -> Target Range | U8: SLR | V8: Target Range | W8: Target Range | X8: Target Range
A9: Return Activated Sludge Ratio | B9: =INDEX('Raw data'!C$2:C$366,$B$2) -> 60 | C9: =INDEX(tblReferences[Unit],MATCH(A9,tblReferences[Parameter],0)) -> % | D9: =INDEX(tblReferences[Normal Range],MATCH(A9,tblReferences[Parameter],0)) -> 25–75 % | E9: =IF(AND(B9>=L9,B9<=M9),"Normal",IF(OR(AND(B9>=N9,B9<=O9),AND(B9>=P9,B9<=Q9)),"Warning","Critical")) -> Normal | F9: =IF(E9="Critical","High",IF(E9="Warning","Medium","Low")) -> Low | G9: =IF(E9="Normal","RAS rate is within the reference operating range",IF(B9<25,"Low RAS rate; possible insufficient return of settled sludge and increased sludge accumulation risk",IF(B9<=100,"High RAS rate; possible excessive sludge recycle and increased hydraulic recycle load","Very high RAS rate; excessive sludge recycle and potential hydraulic loading concern"))) -> RAS rate is within the reference operating range | H9: =IF(E9="Normal","Continue routine RAS monitoring",IF(B9<25,"Verify RAS flow, return sludge pump operation and sludge withdrawal conditions",IF(B9<=100,"Review RAS flow setting and verify sludge inventory and clarifier performance","Investigate excessive RAS flow and recycle loading; verify pump operation and sludge inventory"))) -> Continue routine RAS monitoring | I9: =IF(A9="Effluent Total Suspended Solids","Water Quality",IF(A9="Sludge Volume Index","Settling",IF(A9="Sludge Blanket Depth","Sludge Management",IF(A9="Surface Overflow Rate","Hydraulic",IF(A9="Solids Loading Rate","Solids Loading",IF(A9="Return Activated Sludge Ratio","Sludge Management",IF(A9="Hydraulic Retention Time","Hydraulic","Other"))))))) -> Sludge Management | J9: =IF(E9="Critical","High",IF(E9="Warning","Medium","Low")) -> Low | K9: =TODAY() -> 46280 | L9: =INDEX(tblReferences[Lower Limit],MATCH(A9,tblReferences[Parameter],0)) -> 25 | M9: =INDEX(tblReferences[Upper Limit],MATCH(A9,tblReferences[Parameter],0)) -> 75 | N9: ='Scientific References'!L9 -> 75 | O9: ='Scientific References'!M9 -> 100 | P9: ='Scientific References'!N9 -> 100 | Q9: ='Scientific References'!O9 -> 999 | R9: =INDEX(tblReferences[Direction],MATCH(A9,tblReferences[Parameter],0)) -> Target Range | U9: RAS | V9: Target Range | W9: Target Range | X9: Target Range
A10: Hydraulic Retention Time | B10: =INDEX(Calculation!C$2:C$366,$B$2) -> 4.2758376 | C10: =INDEX(tblReferences[Unit],MATCH(A10,tblReferences[Parameter],0)) -> h | D10: =INDEX(tblReferences[Normal Range],MATCH(A10,tblReferences[Parameter],0)) -> 2.0–4.0 h | E10: =IF(B10<N10,"Critical",IF(B10<L10,"Warning",IF(B10<=M10,"Normal",IF(B10<P10,"Warning","Critical")))) -> Warning | F10: =IF(E10="Critical","High",IF(E10="Warning","Medium","Low")) -> Medium | G10: =IF(B10<2,"Short hydraulic retention time; possible high hydraulic loading or insufficient effective detention volume",IF(B10<=4,"Hydraulic retention time is within the reference operating range",IF(B10<5,"Extended hydraulic retention time; possible low influent flow or excess effective clarifier volume in service","Excessive hydraulic retention time; possible low influent flow or excess clarifier capacity in service"))) -> Extended hydraulic retention time; possible low influent flow or excess effective clarifier volume in service | H10: =IF(B10<2,"Verify influent flow and investigate possible hydraulic overloading",IF(B10<=4,"Continue routine hydraulic monitoring",IF(B10<5,"Verify influent flow and clarifier operating configuration","Verify influent flow, effective clarifier volume and number of clarifiers in service; investigate the cause of excessive detention time"))) -> Verify influent flow and clarifier operating configuration | I10: =IF(A10="Effluent Total Suspended Solids","Water Quality",IF(A10="Sludge Volume Index","Settling",IF(A10="Sludge Blanket Depth","Sludge Management",IF(A10="Surface Overflow Rate","Hydraulic",IF(A10="Solids Loading Rate","Solids Loading",IF(A10="Return Activated Sludge Ratio","Sludge Management",IF(A10="Hydraulic Retention Time","Hydraulic","Other"))))))) -> Hydraulic | J10: =IF(E10="Critical","High",IF(E10="Warning","Medium","Low")) -> Medium | K10: =TODAY() -> 46280 | L10: =INDEX(tblReferences[Lower Limit],MATCH(A10,tblReferences[Parameter],0)) -> 2 | M10: =INDEX(tblReferences[Upper Limit],MATCH(A10,tblReferences[Parameter],0)) -> 4 | N10: ='Scientific References'!L10 -> 1.5 | O10: ='Scientific References'!M10 -> 2 | P10: ='Scientific References'!N10 -> 5 | Q10: ='Scientific References'!O10 -> 999 | R10: =INDEX(tblReferences[Direction],MATCH(A10,tblReferences[Parameter],0)) -> Target Range | U10: HRT | V10: Target Range | W10: Target Range | X10: Target Range

Sheet Clarifier Health Index CHI
A1: Selected Day | B1: =Diagnosis!B2 -> 160
A2: Overall CHI Score | B2: =D10 -> 97
A3: Health Status | B3: =IF(B2>=85,"Excellent",IF(B2>=70,"Good",IF(B2>=50,"Warning","Critical"))) -> Excellent
A5: Parameter | B5: Score | C5: Weight | D5: Weighted Score | E5: Status
A6: Effluent Total Suspended Solids | B6: =IF(E6="Normal",100,IF(E6="Warning",60,20)) -> 100 | C6: 35 | D6: =B6*C6/100 -> 35 | E6: =Diagnosis!E4 -> Normal
A7: Sludge Volume Index | B7: =IF(E7="Normal",100,IF(E7="Warning",60,20)) -> 100 | C7: 30 | D7: =B7*C7/100 -> 30 | E7: =Diagnosis!E5 -> Normal
A8: Sludge Blanket Depth | B8: =IF(E8="Normal",100,IF(E8="Warning",60,20)) -> 100 | C8: 20 | D8: =B8*C8/100 -> 20 | E8: =Diagnosis!E6 -> Normal
A9: Solids Loading Rate | B9: =IF(E9="Normal",100,IF(E9="Underloaded",80,IF(E9="Warning",60,IF(E9="Critical",20,0)))) -> 80 | C9: 15 | D9: =B9*C9/100 -> 12 | E9: =Diagnosis!E8 -> Underloaded
A10: Total | C10: =SUM(C6:C9) -> 100 | D10: =SUM(D6:D9) -> 97

Sheet Clarifier Stability Index CSI
A1: Selected Day | B1: =Diagnosis!B2 -> 160
A2: Overall CSI Score | B2: =SUM(G7:G10) -> 69
A3: Stability Status | B3: =IF(B2>=85,"Excellent",IF(B2>=70,"Good",IF(B2>=50,"Warning","Critical"))) -> Warning
A4: Operator Interpretation | B4: =IF(B3="Excellent","Stable operation - No action required",IF(B3="Good","Operation is stable - Continue monitoring",IF(B3="Warning","Performance fluctuation detected - Increase monitoring","Unstable operation - Immediate corrective action required"))) -> Performance fluctuation detected - Increase monitoring
A6: Parameter | B6: Today's Value | C6: Day Average-7 | D6: % CV | E6: Stability Score | F6: Weight | G6: Weighted Score
A7: Sludge Volume Index | B7: =Diagnosis!B5 -> 98.039216 | C7: =AVERAGE(INDEX('Raw data'!I:I,$B$1+1-6):INDEX('Raw data'!I:I,$B$1+1)) -> 100.27329 | D7: =_xlfn.STDEV.S(INDEX('Raw data'!I:I,$B$1+1-6):INDEX('Raw data'!I:I,$B$1+1))/C7*100 -> 5.2751232 | E7: =IF(D7<=5,100,IF(D7<=10,80,IF(D7<=20,60,20))) -> 80 | F7: 35 | G7: =E7*F7/100 -> 28
A8: Sludge Blanket Depth | B8: =Diagnosis!B6 -> 0.41 | C8: =AVERAGE(INDEX('Raw data'!L:L,$B$1+1-6):INDEX('Raw data'!L:L,$B$1+1)) -> 0.47285714 | D8: =_xlfn.STDEV.S(INDEX('Raw data'!L:L,$B$1+1-6):INDEX('Raw data'!L:L,$B$1+1))/C8*100 -> 22.833165 | E8: =IF(D8<=5,100,IF(D8<=10,80,IF(D8<=20,60,20))) -> 20 | F8: 30 | G8: =E8*F8/100 -> 6
A9: Surface Overflow Rate | B9: =Diagnosis!B7 -> 14.032338 | C9: =AVERAGE(INDEX(Calculation!B:B,$B$1+1-6):INDEX(Calculation!B:B,$B$1+1)) -> 13.962509 | D9: =_xlfn.STDEV.S(INDEX(Calculation!B:B,$B$1+1-6):INDEX(Calculation!B:B,$B$1+1))/C9*100 -> 0.93506383 | E9: =IF(D9<=5,100,IF(D9<=10,80,IF(D9<=20,60,20))) -> 100 | F9: 20 | G9: =E9*F9/100 -> 20
A10: Hydraulic Retention Time | B10: =Diagnosis!B10 -> 4.2758376 | C10: =AVERAGE(INDEX(Calculation!C:C,$B$1+1-6):INDEX(Calculation!C:C,$B$1+1)) -> 4.2975464 | D10: =_xlfn.STDEV.S(INDEX(Calculation!C:C,$B$1+1-6):INDEX(Calculation!C:C,$B$1+1))/C10*100 -> 0.94184428 | E10: =IF(D10<=5,100,IF(D10<=10,80,IF(D10<=20,60,20))) -> 100 | F10: 15 | G10: =E10*F10/100 -> 15
A11: Total | G11: =SUM(G7:G10) -> 69

Sheet Clarifier Risk Index CRI
A1: Selected Day | B1: =Diagnosis!B2 -> 160
A2: Overall CRI Score | B2: =SUM(D7:D11) -> 16.25
A3: Risk Level | B3: =IF(B2<=20,"Low",IF(B2<=40,"Moderate",IF(B2<=70,"High","Very High"))) -> Low
A4: Operator Recommendation | B4: =IF(B3="Low","Normal operation. Continue routine monitoring.",IF(B3="Moderate","Increase monitoring frequency and inspect clarifier conditions.",IF(B3="High","Operational risk is high. Implement corrective actions.","Immediate intervention required to prevent clarifier failure."))) -> Normal operation. Continue routine monitoring.
A6: Parameter | B6: Risk Score | C6: Weight | D6: Weighted Risk | E6: Status
A7: Effluent Total Suspended Solids | B7: =IF(E7="Normal",0,IF(E7="Warning",50,100)) -> 0 | C7: 30 | D7: =B7*C7/100 -> 0 | E7: =Diagnosis!E4 -> Normal
A8: Sludge Blanket Depth | B8: =IF(E8="Normal",0,IF(E8="Warning",50,100)) -> 0 | C8: 15 | D8: =B8*C8/100 -> 0 | E8: =Diagnosis!E6 -> Normal
A9: Surface Overflow Rate | B9: =IF(E9="Normal",0,IF(E9="Underloaded",25,IF(E9="Warning",50,IF(E9="Critical",100,0)))) -> 25 | C9: 25 | D9: =B9*C9/100 -> 6.25 | E9: =Diagnosis!E7 -> Underloaded
A10: Return Activated Sludge Ratio | B10: =IF(E10="Normal",0,IF(E10="Warning",50,100)) -> 0 | C10: 10 | D10: =B10*C10/100 -> 0 | E10: =Diagnosis!E9 -> Normal
A11: Hydraulic Retention Time | B11: =IF(E11="Normal",0,IF(E11="Warning",50,IF(E11="Critical",100,0))) -> 50 | C11: 20 | D11: =B11*C11/100 -> 10 | E11: =Diagnosis!E10 -> Warning
A12: Total | C12: =SUM(C7:C11) -> 100 | D12: =SUM(D7:D11) -> 16.25

Sheet Smart Alarm System
B1: Total Alarms | C1: =COUNTIF(E7:E13,"<>No Alarm") -> 3
B2: Critical Alarms | C2: =COUNTIF(E7:E13,"Critical Alarm") -> 0
B3: Warning Alarms | C3: =COUNTIF(E7:E13,"Warning Alarm") -> 3
A6: Alarm ID | B6: Parameter | C6: Current Value | D6: Status | E6: Alarm Level | F6: Priority | G6: Recommended Action | H6: Functional Area
A7: ="AL"&TEXT(ROW()-6,"000") -> AL001 | B7: =Diagnosis!A4 -> Effluent Total Suspended Solids | C7: =Diagnosis!B4 -> 14.9 | D7: =Diagnosis!E4 -> Normal | E7: =IF(D7="Normal","No Alarm",IF(D7="Warning","Warning Alarm","Critical Alarm")) -> No Alarm | F7: =Diagnosis!J4 -> Low | G7: =Diagnosis!H4 -> Continue routine effluent quality monitoring | H7: =Diagnosis!I4 -> Water Quality
A8: ="AL"&TEXT(ROW()-6,"000") -> AL002 | B8: =Diagnosis!A5 -> Sludge Volume Index | C8: =Diagnosis!B5 -> 98.039216 | D8: =Diagnosis!E5 -> Normal | E8: =IF(D8="Normal","No Alarm",IF(D8="Warning","Warning Alarm","Critical Alarm")) -> No Alarm | F8: =Diagnosis!J5 -> Low | G8: =Diagnosis!H5 -> Continue routine sludge settling monitoring | H8: =Diagnosis!I5 -> Settling
A9: ="AL"&TEXT(ROW()-6,"000") -> AL003 | B9: =Diagnosis!A6 -> Sludge Blanket Depth | C9: =Diagnosis!B6 -> 0.41 | D9: =Diagnosis!E6 -> Normal | E9: =IF(D9="Normal","No Alarm",IF(D9="Warning","Warning Alarm","Critical Alarm")) -> No Alarm | F9: =Diagnosis!J6 -> Low | G9: =Diagnosis!H6 -> Continue routine sludge blanket monitoring | H9: =Diagnosis!I6 -> Sludge Management
A10: ="AL"&TEXT(ROW()-6,"000") -> AL004 | B10: =Diagnosis!A7 -> Surface Overflow Rate | C10: =Diagnosis!B7 -> 14.032338 | D10: =Diagnosis!E7 -> Underloaded | E10: =IF(D10="Normal","No Alarm",IF(D10="Underloaded","Warning Alarm",IF(D10="Warning","Warning Alarm",IF(D10="Critical","Critical Alarm","No Alarm")))) -> Warning Alarm | F10: =Diagnosis!J7 -> Low | G10: =Diagnosis!H7 -> Verify influent flow and confirm the number of clarifiers in service; check whether available clarifier capacity exceeds current hydraulic demand | H10: =Diagnosis!I7 -> Hydraulic
A11: ="AL"&TEXT(ROW()-6,"000") -> AL005 | B11: =Diagnosis!A8 -> Solids Loading Rate | C11: =Diagnosis!B8 -> 2.0038179 | D11: =Diagnosis!E8 -> Underloaded | E11: =IF(D11="Normal","No Alarm",IF(D11="Underloaded","Warning Alarm",IF(D11="Warning","Warning Alarm",IF(D11="Critical","Critical Alarm","No Alarm")))) -> Warning Alarm | F11: =Diagnosis!J8 -> Low | G11: =Diagnosis!H8 -> Verify influent TSS, influent flow, RAS solids concentration and number of clarifiers in service | H11: =Diagnosis!I8 -> Solids Loading
A12: ="AL"&TEXT(ROW()-6,"000") -> AL006 | B12: =Diagnosis!A9 -> Return Activated Sludge Ratio | C12: =Diagnosis!B9 -> 60 | D12: =Diagnosis!E9 -> Normal | E12: =IF(D12="Normal","No Alarm",IF(D12="Warning","Warning Alarm","Critical Alarm")) -> No Alarm | F12: =Diagnosis!J9 -> Low | G12: =Diagnosis!H9 -> Continue routine RAS monitoring | H12: =Diagnosis!I9 -> Sludge Management
A13: ="AL"&TEXT(ROW()-6,"000") -> AL007 | B13: =Diagnosis!A10 -> Hydraulic Retention Time | C13: =Diagnosis!B10 -> 4.2758376 | D13: =Diagnosis!E10 -> Warning | E13: =IF(D13="Normal","No Alarm",IF(D13="Warning","Warning Alarm","Critical Alarm")) -> Warning Alarm | F13: =Diagnosis!J10 -> Medium | G13: =Diagnosis!H10 -> Verify influent flow and clarifier operating configuration | H13: =Diagnosis!I10 -> Hydraulic

Sheet Operator Scorecard
A1: Selected Day | B1: =Diagnosis!B2 -> 160
A2: Overall Operator Score | B2: =D12 -> 83.25
A3: Performance Rating | B3: =IF(B2>=85,"Excellent",IF(B2>=70,"Good",IF(B2>=50,"Fair","Poor"))) -> Good
A4: Supervisor Recommendation | B4: =IF(B3="Excellent","Excellent operation. Continue current operating strategy.",IF(B3="Good","Good performance. Continue routine monitoring.",IF(B3="Fair","Performance needs improvement. Review operational conditions.","Immediate corrective action and supervisor intervention required."))) -> Good performance. Continue routine monitoring.
A7: Indicator | B7: Score | C7: Weight | D7: Weighted Score
A8: Clarifier Health Index (CHI) | B8: ='Clarifier Health Index CHI'!B2 -> 97 | C8: 40 | D8: =B8*C8/100 -> 38.8
A9: Clarifier Stability Index (CSI) | B9: ='Clarifier Stability Index CSI'!B2 -> 69 | C9: 30 | D9: =B9*C9/100 -> 20.7
A10: Clarifier Risk Index (CRI) | B10: =100-'Clarifier Risk Index CRI'!B2 -> 83.75 | C10: 20 | D10: =B10*C10/100 -> 16.75
A11: Alarm Management | B11: =MAX(0,100-('Smart Alarm System'!C2*25+'Smart Alarm System'!C3*10)) -> 70 | C11: 10 | D11: =B11*C11/100 -> 7
A12: Total | C12: 100 | D12: =SUM(D8:D11) -> 83.25
